seeds,num_tasks,per_jitter,final_e2e_max,max_reaction_time,R,exceed,false_percentage,best_merge_pair,added,finalpercent
1755016037,3,0.2,332.20000000000005,283.6868254549621,0.8539639538078329,safe,0.0,"(0, 1)",False,0.0
1755016038,3,0.2,488.4,464.18254785675344,0.95041471715142,safe,0.0,"(0, 1)",False,0.0
