seeds,num_tasks,per_jitter,final_e2e_max,max_reaction_time,R,exceed,false_percentage,best_merge_pair,finalpercent
1755016037,3,0.2,332.20000000000005,283.74541900821487,0.8541403341607912,safe,0.0,"(0, 1)",0.0
1755016038,3,0.2,488.4,463.8896196477345,0.9498149460436824,safe,0.0,"(0, 1)",0.0
