seeds,num_tasks,per_jitter,final_e2e_max,max_reaction_time,R,exceed,false_percentage,best_merge_pair,finalpercent
1755016037,5,0.2,2699.4,2504.6414150362543,0.9278511576780968,safe,0.0,"(0, 1)",0.0
1755016038,5,0.2,2866.6,2239.2666924938776,0.7811577103515934,safe,0.0,"(0, 1)",0.0
